<?xml version="1.0" encoding="utf-8" ?>
<!DOCTYPE tiles-definitions PUBLIC
       "-//Apache Software Foundation//DTD Tiles Configuration 3.0//EN"
       "http://tiles.apache.org/dtds/tiles-config_3_0.dtd">
<tiles-definitions>
  <definition name="home" template="/WEB-INF/tiles/template/template.jsp">
    <put-attribute name="title" value="Tiles tutorial homepage" />
    <put-attribute name="header" value="/WEB-INF/tiles/template/header.jsp" />
    <put-attribute name="menu" value="/WEB-INF/tiles/template/menu.jsp" />
    <put-attribute name="body" value="/WEB-INF/tiles/template/home.jsp" />
  </definition>
  
  <definition name = "WILDCARD:*/*" extends = "home">
  	<put-attribute name="body" value="/WEB-INF/jsp/{1}/{2].jsp"></put-attribute>
  </definition>
</tiles-definitions>
